keyword,count
"nerv",464
"massag",463
"massage",441
"innerv",412
"follow",217
"following",215
"best",156
"techniqu",102
"type",100
"session",98
"therapi",95
"therapy",94
"muscl",93
"practic",83
"dure",82
"spinal",78
"legal",78
"technique",76
"typic",73
"system",72
"primarily",71
"part",70
"condit",69
"contraind",69
"ethic",67
"respons",66
"work",65
"posterior",64
"root",64
"function",62
"used",62
"partial",60
"requir",59
"primary",58
"primari",58
"longu",56
"typically",56
"brevi",55
"ethical",54
"effect",53
"deep",52
"often",52
"cells",52
"skin",50
"tissu",49
"responsible",48
"region",48
"tissue",47
"fascia",46
"describ",45
"also",44
"long",42
"condition",42
"shoulder",41
"state",41
"upper",40
"genu",40
"working",40
"before",39
"befor",39
"gluteus",39
"gluteu",39
"key",39
"help",38
"joint",38
"point",37
"role",36
"begin",36
"body",35
"head",35
"2",34
"3",34
"4",34
"5",34
"6",34
"7",34
"8",34
"9",34
"10",34
"15",34
"found",34
"movement",34
"structur",34
"medial",34
"through",34
"clients",34
"protein",33
"1",32
"level",32
"approach",32
"describes",31
"considered",31
"consid",31
"correct",31
"provides",31
"provid",31
"mean",31
"treatment",31
"consideration",31
"consider",31